Nº;Etapa;Mês/Ano;Fase;Período;Data;Ponto;Método;Período de Coleta;Espécie;Nº ind;Ordem;Família;Sub-família;Tribo;Coletor;Observação
1;1;nov/14;Instalação;Chuva;;;;;Aedes albopictus;11;Diptera;Culicidae;Culicinae;Aedini;;
2;1;nov/14;Instalação;Chuva;;;;;Aedes fluviatilis ;9;Diptera;Culicidae;Culicinae;Aedini;;
3;1;nov/14;Instalação;Chuva;;;;;Aedes fulvithorax;2;Diptera;Culicidae;Culicinae;Aedini;;
4;1;nov/14;Instalação;Chuva;;;;;Aedes scapularis;4;Diptera;Culicidae;Culicinae;Aedini;;
5;1;nov/14;Instalação;Chuva;;;;;Aedes serratus;1;Diptera;Culicidae;Culicinae;Aedini;;
6;1;nov/14;Instalação;Chuva;;;;;Anopheles (Anopheles) ssp.;1;Diptera;Culicidae;Anophelinae;Anophelini;;
7;1;nov/14;Instalação;Chuva;;;;;Culex spp.;181;Diptera;Culicidae;Culicinae;Culicini;;
8;1;nov/14;Instalação;Chuva;;;;;Culicoides spp.;30;Diptera;Ceratopogonidae;;;;
9;1;nov/14;Instalação;Chuva;;;;;Haemagogus (Con.) leucocelaenus;7;Diptera;Culicidae;Culicinae;Aedini;;
10;1;nov/14;Instalação;Chuva;;;;;Haemagogus (Hag.) capricornii;15;Diptera;Culicidae;Culicinae;Aedini;;
11;1;nov/14;Instalação;Chuva;;;;;Phlebotominae sp.;9;Diptera;Psychodidae;Phlebotominae;;;
12;1;nov/14;Instalação;Chuva;;;;;Sabethes spp.;4;Diptera;Culicidae;Culicinae;Sabethini;;
13;1;nov/14;Instalação;Chuva;;;;;Simulium spp.;4;Diptera;Simuliidae;Simuliinae;;;
14;2;fev/15;Instalação;Chuva;;;;;Aedes albopictus;19;Diptera;Culicidae;Culicinae;Aedini;;
15;2;fev/15;Instalação;Chuva;;;;;Aedes scapularis;15;Diptera;Culicidae;Culicinae;Aedini;;
16;2;fev/15;Instalação;Chuva;;;;;Culex spp.;124;Diptera;Culicidae;Culicinae;Culicini;;
17;2;fev/15;Instalação;Chuva;;;;;Haemagogus (Con.) leucocelaenus;5;Diptera;Culicidae;Culicinae;Aedini;;
18;2;fev/15;Instalação;Chuva;;;;;Haemagogus (Hag.) capricornii;3;Diptera;Culicidae;Culicinae;Aedini;;
19;2;fev/15;Instalação;Chuva;;;;;Haemagogus (Hag.) spp.;3;Diptera;Culicidae;Culicinae;Aedini;;
20;2;fev/15;Instalação;Chuva;;;;;Phlebotominae sp.;9;Diptera;Psychodidae;Phlebotominae;;;
21;2;fev/15;Instalação;Chuva;;;;;Sabethes spp.;6;Diptera;Culicidae;Culicinae;Sabethini;;
22;2;fev/15;Instalação;Chuva;;;;;Simulium spp.;8;Diptera;Simuliidae;Simuliinae;;;
23;3;mai/15;Instalação;Seca;;;;;Aedes scapularis;4;Diptera;Culicidae;Culicinae;Aedini;;
24;3;mai/15;Instalação;Seca;;;;;Anopheles (Nys.) spp.;2;Diptera;Culicidae;Anophelinae;Anophelini;;
25;3;mai/15;Instalação;Seca;;;;;Culex spp.;128;Diptera;Culicidae;Culicinae;Culicini;;
26;3;mai/15;Instalação;Seca;;;;;Simulium spp.;4;Diptera;Simuliidae;Simuliinae;;;
27;4;ago/15;Instalação;Seca;;;;;Anopheles (Nys.) oswaldoi;1;Diptera;Culicidae;Anophelinae;Anophelini;;
28;4;ago/15;Instalação;Seca;;;;;Culex spp.;190;Diptera;Culicidae;Culicinae;Culicini;;
29;4;ago/15;Instalação;Seca;;;;;Simulium spp.;25;Diptera;Simuliidae;Simuliinae;;;
30;5;nov/15;Instalação;Chuva;;;;;Aedes albopictus;167;Diptera;Culicidae;Culicinae;Aedini;;
31;5;nov/15;Instalação;Chuva;;;;;Aedes fulvithorax;2;Diptera;Culicidae;Culicinae;Aedini;;
32;5;nov/15;Instalação;Chuva;;;;;Culex spp.;767;Diptera;Culicidae;Culicinae;Culicini;;
33;5;nov/15;Instalação;Chuva;;;;;Haemagogus (Con.) leucocelaenus;18;Diptera;Culicidae;Culicinae;Aedini;;
34;5;nov/15;Instalação;Chuva;;;;;Haemagogus (Con.) leucophoebus;7;Diptera;Culicidae;Culicinae;Aedini;;
35;5;nov/15;Instalação;Chuva;;;;;Haemagogus (Con.) spp.;3;Diptera;Culicidae;Culicinae;Aedini;;
36;5;nov/15;Instalação;Chuva;;;;;Limatus spp.;3;Diptera;Culicidae;Culicinae;Aedini;;
37;5;nov/15;Instalação;Chuva;;;;;Psorophora (Jan.) ciliata;1;Diptera;Culicidae;Culicinae;Aedini;;
38;5;nov/15;Instalação;Chuva;;;;;Sabethes spp.;6;Diptera;Culicidae;Culicinae;Sabethini;;
39;5;nov/15;Instalação;Chuva;;;;;Simulium spp.;1;Diptera;Simuliidae;Simuliinae;;;
40;6;mar/16;Operação;Chuva;;;;;Culex spp.;1588;Diptera;Culicidae;Culicinae;Culicini;;
41;6;mar/16;Operação;Chuva;;;;;Culicoides spp.;77;Diptera;Ceratopogonidae;;;;
42;6;mar/16;Operação;Chuva;;;;;Aedes albopictus;11;Diptera;Culicidae;Culicinae;Aedini;;
43;6;mar/16;Operação;Chuva;;;;;Sabethes spp.;5;Diptera;Culicidae;Culicinae;Sabethini;;
44;6;mar/16;Operação;Chuva;;;;;Haemagogus (Con.) leucocelaenus;2;Diptera;Culicidae;Culicinae;Aedini;;
45;6;mar/16;Operação;Chuva;;;;;Aedes scapularis;2;Diptera;Culicidae;Culicinae;Aedini;;
46;6;mar/16;Operação;Chuva;;;;;Psorophora (Jan.) circunflava;2;Diptera;Culicidae;Culicinae;Aedini;;
47;6;mar/16;Operação;Chuva;;;;;Haemagogus (Con.) leucophoebus;1;Diptera;Culicidae;Culicinae;Aedini;;
48;6;mar/16;Operação;Chuva;;;;;Aedes fulvithorax;1;Diptera;Culicidae;Culicinae;Aedini;;
49;6;mar/16;Operação;Chuva;;;;;Psorophora (Jan.) albigenu;2;Diptera;Culicidae;Culicinae;Aedini;;
50;6;mar/16;Operação;Chuva;;;;;Psorophora (Jan.) ferox;1;Diptera;Culicidae;Culicinae;Aedini;;
51;7;jun/16;Operação;Seca;;;;;Culex spp.;148;Diptera;Culicidae;Culicinae;Culicini;;
52;7;jun/16;Operação;Seca;;;;;Culicoides spp.;54;Diptera;Ceratopogonidae;;;;
53;7;jun/16;Operação;Seca;;;;;Aedes albopictus;11;Diptera;Culicidae;Culicinae;Aedini;;
54;7;jun/16;Operação;Seca;;;;;Simulium spp.;33;Diptera;Simuliidae;Simuliinae;;;
55;7;jun/16;Operação;Seca;;;;;Phlebotominae sp.;15;Diptera;Psychodidae;Phlebotominae;;;
56;8;set/16;Operação;Seca;;;;;Culex spp.;152;Diptera;Culicidae;Culicinae;Culicini;;
57;8;set/16;Operação;Seca;;;;;Culicoides spp.;12;Diptera;Ceratopogonidae;;;;
58;8;set/16;Operação;Seca;;;;;Aedes albopictus;15;Diptera;Culicidae;Culicinae;Aedini;;
59;8;set/16;Operação;Seca;;;;;Simulium spp.;20;Diptera;Simuliidae;Simuliinae;;;
60;8;set/16;Operação;Seca;;;;;Phlebotominae sp.;3;Diptera;Psychodidae;Phlebotominae;;;
61;8;set/16;Operação;Seca;;;;;Psorophora (Jan.) circunflava;2;Diptera;Culicidae;Culicinae;Aedini;;
62;8;set/16;Operação;Seca;;;;;Haemagogus (Con.) leucophoebus;1;Diptera;Culicidae;Culicinae;Aedini;;
63;9;dez/16;Operação;Chuva;;;;;Culex spp.;146;Diptera;Culicidae;Culicinae;Culicini;;
64;9;dez/16;Operação;Chuva;;;;;Culicoides spp.;0;Diptera;Ceratopogonidae;;;;
65;9;dez/16;Operação;Chuva;;;;;Aedes albopictus;135;Diptera;Culicidae;Culicinae;Aedini;;
66;9;dez/16;Operação;Chuva;;;;;Simulium spp.;16;Diptera;Simuliidae;Simuliinae;;;
67;9;dez/16;Operação;Chuva;;;;;Phlebotominae sp.;2;Diptera;Psychodidae;Phlebotominae;;;
68;9;dez/16;Operação;Chuva;;;;;Aedes fulvithorax;2;Diptera;Culicidae;Culicinae;Aedini;;
69;9;dez/16;Operação;Chuva;;;;;Psorophora (Jan.) ciliata;2;Diptera;Culicidae;Culicinae;Aedini;;
70;10;mar/17;Operação;Chuva;;;;;Culex spp.;631;Diptera;Culicidae;Culicinae;Culicini;;
71;10;mar/17;Operação;Chuva;;;;;Culicoides spp.;54;Diptera;Ceratopogonidae;;;;
72;10;mar/17;Operação;Chuva;;;;;Aedes albopictus;14;Diptera;Culicidae;Culicinae;Aedini;;
73;10;mar/17;Operação;Chuva;;;;;Simulium spp.;6;Diptera;Simuliidae;Simuliinae;;;
74;10;mar/17;Operação;Chuva;;;;;Sabethes spp.;5;Diptera;Culicidae;Culicinae;Sabethini;;
75;10;mar/17;Operação;Chuva;;;;;Haemagogus (Hag.) capricornii;9;Diptera;Culicidae;Culicinae;Aedini;;
76;10;mar/17;Operação;Chuva;;;;;Haemagogus (Con.) leucocelaenus;5;Diptera;Culicidae;Culicinae;Aedini;;
77;10;mar/17;Operação;Chuva;;;;;Haemagogus (Con.) leucophoebus;1;Diptera;Culicidae;Culicinae;Aedini;;
78;10;mar/17;Operação;Chuva;;;;;Haemagogus (Hag.) spp.;3;Diptera;Culicidae;Culicinae;Aedini;;
79;10;mar/17;Operação;Chuva;;;;;Psorophora (Jan.) ferox;1;Diptera;Culicidae;Culicinae;Aedini;;
80;10;mar/17;Operação;Chuva;;;;;Anopheles (Anopheles) ssp.;1;Diptera;Culicidae;Anophelinae;Anophelini;;
81;11;jun/17;Operação;Seca;;;;;Culex spp.;155;Diptera;Culicidae;Culicinae;Culicini;;
82;11;jun/17;Operação;Seca;;;;;Culicoides spp.;33;Diptera;Ceratopogonidae;;;;
83;11;jun/17;Operação;Seca;;;;;Aedes albopictus;13;Diptera;Culicidae;Culicinae;Aedini;;
84;11;jun/17;Operação;Seca;;;;;Simulium spp.;21;Diptera;Simuliidae;Simuliinae;;;
85;11;jun/17;Operação;Seca;;;;;Phlebotominae sp.;9;Diptera;Psychodidae;Phlebotominae;;;
86;11;jun/17;Operação;Seca;;;;;Aedes scapularis;4;Diptera;Culicidae;Culicinae;Aedini;;
87;11;jun/17;Operação;Seca;;;;;Psorophora (Jan.) circunflava;2;Diptera;Culicidae;Culicinae;Aedini;;
88;11;jun/17;Operação;Seca;;;;;Haemagogus (Con.) leucophoebus;1;Diptera;Culicidae;Culicinae;Aedini;;
89;11;jun/17;Operação;Seca;;;;;Anopheles (Nys.) spp.;2;Diptera;Culicidae;Anophelinae;Anophelini;;
90;11;jun/17;Operação;Seca;;;;;Anopheles (Nys.) oswaldoi;1;Diptera;Culicidae;Anophelinae;Anophelini;;
91;14;mar/18;Operação;Chuva;23/03/2018;1;Sugador/Puçá;noturno;Psorophora (Jan.) ferox;1;Diptera;Culicidae;Culicinae;Aedini;;
92;14;mar/18;Operação;Chuva;23/03/2018;1;Sugador/Puçá;noturno;Aedes scapularis;1;Diptera;Culicidae;Culicinae;Aedini;;
93;14;mar/18;Operação;Chuva;23/03/2018;1;Sugador/Puçá;noturno;Aedes albopictus;1;Diptera;Culicidae;Culicinae;Aedini;;
94;14;mar/18;Operação;Chuva;23/03/2018;1;CDC;noturno;Culex spp.;2;Diptera;Culicidae;Culicinae;Culicini;;
95;14;mar/18;Operação;Chuva;26/03/2018;2;Sugador/Puçá;noturno;Culex spp.;52;Diptera;Culicidae;Culicinae;Culicini;;
96;14;mar/18;Operação;Chuva;24/03/2018;3;Sugador/Puçá;matutino;Culex spp.;1;Diptera;Culicidae;Culicinae;Culicini;;
97;14;mar/18;Operação;Chuva;24/03/2018;3;Sugador/Puçá;matutino;Aedes fluviatilis ;2;Diptera;Culicidae;Culicinae;Aedini;;
98;14;mar/18;Operação;Chuva;24/03/2018;3;Sugador/Puçá;noturno;Aedes fluviatilis ;3;Diptera;Culicidae;Culicinae;Aedini;;
99;14;mar/18;Operação;Chuva;24/03/2018;4;CDC;noturno;Culex spp.;1;Diptera;Culicidae;Culicinae;Culicini;;
100;14;mar/18;Operação;Chuva;24/03/2018;4;Sugador/Puçá;noturno;Culex spp.;70;Diptera;Culicidae;Culicinae;Culicini;;
101;14;mar/18;Operação;Chuva;27/03/2018;5;Sugador/Puçá;matutino;Aedes albopictus;16;Diptera;Culicidae;Culicinae;Aedini;;
102;14;mar/18;Operação;Chuva;27/03/2018;5;Sugador/Puçá;matutino;Haemagogus (Con.) leucocelaenus;1;Diptera;Culicidae;Culicinae;Aedini;;
103;14;mar/18;Operação;Chuva;27/03/2018;5;Sugador/Puçá;matutino;Culex spp.;21;Diptera;Culicidae;Culicinae;Culicini;;
104;14;mar/18;Operação;Chuva;23/03/2018;1;Sugador/Puçá;noturno;Culex spp.;30;Diptera;Culicidae;Culicinae;Culicini;;
105;14;mar/18;Operação;Chuva;26/03/2018;2;Sugador/Puçá;noturno;Culicoides spp.;63;Diptera;Ceratopogonidae;;;;
106;14;mar/18;Operação;Chuva;26/03/2018;2;Sugador/Puçá;noturno;Simulium spp.;52;Diptera;Simuliidae;Simuliinae;;;
107;15;jun/18;Operação;Seca;22/06/2018;1;Sugador/Puçá;noturno;Mansonia spp.;5;Diptera;Culicidae;Culicinae;Mansoninii;;
108;15;jun/18;Operação;Seca;21/06/2018;4;CDC;noturno;Uranotenia spp.;1;Diptera;Culicidae;Culicinae;Uranotaeniini;;
109;15;jun/18;Operação;Seca;21/06/2018;3;Sugador/Puçá;noturno;Culex spp.;3;Diptera;Culicidae;Culicinae;Culicini;;
110;15;jun/18;Operação;Seca;21/06/2018;3;Sugador/Puçá;noturno;Mansonia spp.;2;Diptera;Culicidae;Culicinae;Mansoninii;;
111;15;jun/18;Operação;Seca;23/06/2018;5;Sugador/Puçá;noturno;Aedes scapularis;4;Diptera;Culicidae;Culicinae;Aedini;;
112;15;jun/18;Operação;Seca;23/06/2018;5;Sugador/Puçá;noturno;Culex spp.;17;Diptera;Culicidae;Culicinae;Culicini;;
113;15;jun/18;Operação;Seca;23/06/2018;5;Sugador/Puçá;noturno;Culicoides spp.;3;Diptera;Ceratopogonidae;;;;
114;15;jun/18;Operação;Seca;22/06/2018;2;Sugador/Puçá;noturno;Simulium spp.;4;Diptera;Simuliidae;Simuliinae;;;
115;15;jun/18;Operação;Seca;22/06/2018;2;Sugador/Puçá;noturno;Aedes scapularis;2;Diptera;Culicidae;Culicinae;Aedini;;
116;15;jun/18;Operação;Seca;21/06/2018;4;Sugador/Puçá;noturno;Culex spp.;30;Diptera;Culicidae;Culicinae;Culicini;;
117;15;jun/18;Operação;Seca;22/06/2018;2;Sugador/Puçá;noturno;Culex spp.;70;Diptera;Culicidae;Culicinae;Culicini;;
118;15;jun/18;Operação;Seca;22/06/2018;2;Sugador/Puçá;noturno;Culicoides spp.;26;Diptera;Ceratopogonidae;;;;
119;15;jun/18;Operação;Seca;22/06/2018;2;Sugador/Puçá;noturno;Simulium spp.;36;Diptera;Simuliidae;Simuliinae;;;
120;16;nov/18;Operação;Chuva;17/11/2018;1;Sugador/Puçá;matutino;Psorophora (Jan.) ferox;1;Diptera;Culicidae;Culicinae;Aedini;;
121;16;nov/18;Operação;Chuva;17/11/2018;2;Sugador/Puçá;noturno;Aedes albopictus;3;Diptera;Culicidae;Culicinae;Aedini;;
122;16;nov/18;Operação;Chuva;17/11/2018;2;Sugador/Puçá;noturno;Psorophora (Jan.) ferox;2;Diptera;Culicidae;Culicinae;Aedini;;
123;16;nov/18;Operação;Chuva;19/11/2018;3;Sugador/Puçá;matutino;Psorophora (Janthinossoma) albipes;2;Diptera;Culicidae;Culicinae;Aedini;;
124;16;nov/18;Operação;Chuva;18/11/2018;3;Sugador/Puçá;noturno;aedes scapularis;3;Diptera;Culicidae;Culicinae;Aedini;;
125;16;nov/18;Operação;Chuva;18/11/2018;3;Sugador/Puçá;noturno;Culex spp.;31;Diptera;Culicidae;Culicinae;Culicini;;
126;16;nov/18;Operação;Chuva;18/11/2018;3;Sugador/Puçá;noturno;Psorophora (Jan.) ferox;11;Diptera;Culicidae;Culicinae;Aedini;;
127;16;nov/18;Operação;Chuva;18/11/2018;3;Sugador/Puçá;noturno;Psorophora (Janthinossoma) albipes;5;Diptera;Culicidae;Culicinae;Aedini;;
128;16;nov/18;Operação;Chuva;15/11/2018;5;Sugador/Puçá;noturno;Culex spp.;52;Diptera;Culicidae;Culicinae;Culicini;;
129;16;nov/18;Operação;Chuva;15/11/2018;5;Sugador/Puçá;noturno;Aedes scapularis;2;Diptera;Culicidae;Culicinae;Aedini;;
130;16;nov/18;Operação;Chuva;15/11/2018;5;Sugador/Puçá;noturno;Aedes albopictus;2;Diptera;Culicidae;Culicinae;Aedini;;
131;16;nov/18;Operação;Chuva;16/11/2018;5;Sugador/Puçá;matutino;Aedes albopictus;1;Diptera;Culicidae;Culicinae;Aedini;;
132;16;nov/18;Operação;Chuva;16/11/2018;5;Sugador/Puçá;matutino;Sabethes (Sabethes) albiprivus;1;Diptera;Culicidae;Culicinae;Sabethini;;
133;16;nov/18;Operação;Chuva;18/11/2018;4;Sugador/Puçá;noturno;Aedes fulvithorax;1;Diptera;Culicidae;Culicinae;Aedini;;
134;16;nov/18;Operação;Chuva;18/11/2018;4;Sugador/Puçá;noturno;Aedes scapularis;1;Diptera;Culicidae;Culicinae;Aedini;;
135;16;nov/18;Operação;Chuva;18/11/2018;4;Sugador/Puçá;noturno;Aedes albopictus;1;Diptera;Culicidae;Culicinae;Aedini;;
136;16;nov/18;Operação;Chuva;18/11/2018;4;Sugador/Puçá;noturno;Aedes serratus;1;Diptera;Culicidae;Culicinae;Aedini;;
137;16;nov/18;Operação;Chuva;18/11/2018;4;Sugador/Puçá;noturno;Psorophora (Jan.) ferox;2;Diptera;Culicidae;Culicinae;Aedini;;
138;16;nov/18;Operação;Chuva;18/11/2018;4;Sugador/Puçá;noturno;Culex spp.;70;Diptera;Culicidae;Culicinae;Culicini;;
139;16;nov/18;Operação;Chuva;17/11/2018;2;Sugador/Puçá;noturno;Culicoides spp.;23;Diptera;Ceratopogonidae;;;;
140;16;nov/18;Operação;Chuva;18/11/2018;2;Sugador/Puçá;matutino;Simulium spp.;65;Diptera;Simuliidae;Simuliinae;;;
141;17;fev/19;Operação;Chuva;17/02/2019;3;Sugador/Puçá;noturno;Aedes scapularis;1;Diptera;Culicidae;Culicinae;Aedini;;
142;17;fev/19;Operação;Chuva;17/02/2019;3;Sugador/Puçá;noturno;Aedes albopictus;1;Diptera;Culicidae;Culicinae;Aedini;;
143;17;fev/19;Operação;Chuva;16/02/2019;1;Sugador/Puçá;matutino;Sabethes (Sabethes) albiprivus;1;Diptera;Culicidae;Culicinae;Sabethini;;
144;17;fev/19;Operação;Chuva;15/02/2019;2;Sugador/Puçá;noturno;Aedes albopictus;5;Diptera;Culicidae;Culicinae;Aedini;;
145;17;fev/19;Operação;Chuva;15/02/2019;2;Sugador/Puçá;noturno;Simulium spp.;23;Diptera;Simuliidae;Simuliinae;;;
146;17;fev/19;Operação;Chuva;19/02/2018;4;Sugador/Puçá;matutino;Sabethes (Sabethes) albiprivus;2;Diptera;Culicidae;Culicinae;Sabethini;;
147;17;fev/19;Operação;Chuva;17/02/2019;5;Sugador/Puçá;matutino;Sabethes (Sabethes) albiprivus;2;Diptera;Culicidae;Culicinae;Sabethini;;
148;17;fev/19;Operação;Chuva;17/02/2019;5;Sugador/Puçá;matutino;Aedes albopictus;2;Diptera;Culicidae;Culicinae;Aedini;;
149;17;fev/19;Operação;Chuva;17/02/2019;5;Sugador/Puçá;matutino;Simulium spp.;32;Diptera;Simuliidae;Simuliinae;;;
150;17;fev/19;Operação;Chuva;17/02/2019;5;Sugador/Puçá;matutino;Haemagogus (Con.) leucocelaenus;2;Diptera;Culicidae;Culicinae;Aedini;;
151;17;fev/19;Operação;Chuva;18/02/2019;4;Sugador/Puçá;noturno;Culex spp.;35;Diptera;Culicidae;Culicinae;Culicini;;
152;17;fev/19;Operação;Chuva;15/02/2019;2;Sugador/Puçá;noturno;Culex spp.;25;Diptera;Culicidae;Culicinae;Culicini;;
153;17;fev/19;Operação;Chuva;16/02/2019;1;Sugador/Puçá;noturno;Culex spp.;35;Diptera;Culicidae;Culicinae;Culicini;;
154;17;fev/19;Operação;Chuva;18/02/2019;4;Sugador/Puçá;noturno;Culicoides spp.;48;Diptera;Ceratopogonidae;;;;
155;17;fev/19;Operação;Chuva;16/02/2019;2;Sugador/Puçá;matutino;Simulium spp.;42;Diptera;Simuliidae;Simuliinae;;;
156;18;mai/19;Operação;Seca;mai/19;3;Sugador/Puçá;noturno;Mansonia spp.;8;Diptera;Culicidae;Culicinae;Mansoninii;;
157;18;mai/19;Operação;Seca;mai/19;4;Sugador/Puçá;noturno;Culex spp.;52;Diptera;Culicidae;Culicinae;Culicini;;
158;18;mai/19;Operação;Seca;mai/19;4;Sugador/Puçá;noturno;Culicoides spp.;146;Diptera;Ceratopogonidae;;;;
159;18;mai/19;Operação;Seca;mai/19;2;Sugador/Puçá;noturno;Simulium spp.;42;Diptera;Simuliidae;Simuliinae;;;
160;18;mai/19;Operação;Seca;mai/19;3;Sugador/Puçá;noturno;Aedes scapularis;11;Diptera;Culicidae;Culicinae;Aedini;;
161;18;mai/19;Operação;Seca;mai/19;1;Sugador/Puçá;matutino;Aedes albopictus;14;Diptera;Culicidae;Culicinae;Aedini;;
162;18;mai/19;Operação;Seca;mai/19;5;Sugador/Puçá;matutino;Psorophora (Jan.) ferox;6;Diptera;Culicidae;Culicinae;Aedini;;
163;18;mai/19;Operação;Seca;mai/19;5;Sugador/Puçá;matutino;Haemagogus (Con.) leucocelaenus;4;Diptera;Culicidae;Culicinae;Aedini;;
164;19;ago/19;Operação;Seca;24/08/2019;1;Sugador/Puçá;matutino;Simulium spp.;21;Diptera;Simuliidae;Simuliinae;;;
165;19;ago/19;Operação;Seca;24/08/2019;1;Sugador/Puçá;matutino;Culicoides spp.;18;Diptera;Ceratopogonidae;;;;
166;19;ago/19;Operação;Seca;24/08/2019;1;Sugador/Puçá;matutino;Aedes albopictus;5;Diptera;Culicidae;Culicinae;Aedini;;
167;19;ago/19;Operação;Seca;24/08/2019;2;Sugador/Puçá;matutino;Simulium spp.;17;Diptera;Simuliidae;Simuliinae;;;
168;19;ago/19;Operação;Seca;24/08/2019;2;Sugador/Puçá;matutino;Culicoides spp.;12;Diptera;Ceratopogonidae;;;;
169;19;ago/19;Operação;Seca;24/08/2019;2;Sugador/Puçá;matutino;Aedes albopictus;2;Diptera;Culicidae;Culicinae;Aedini;;
170;19;ago/19;Operação;Seca;24/08/2019;2;Sugador/Puçá;matutino;Culex spp.;15;Diptera;Culicidae;Culicinae;Culicini;;
171;19;ago/19;Operação;Seca;23/08/2019;2;Sugador/Puçá;noturno;Simulium spp.;18;Diptera;Simuliidae;Simuliinae;;;
172;19;ago/19;Operação;Seca;23/08/2019;2;Sugador/Puçá;noturno;Culicoides spp.;9;Diptera;Ceratopogonidae;;;;
173;19;ago/19;Operação;Seca;24/08/2019;3;Sugador/Puçá;noturno;Simulium spp.;18;Diptera;Simuliidae;Simuliinae;;;
174;19;ago/19;Operação;Seca;24/08/2019;3;Sugador/Puçá;noturno;Culicoides spp.;5;Diptera;Ceratopogonidae;;;;
175;19;ago/19;Operação;Seca;24/08/2019;3;Sugador/Puçá;noturno;Culex spp.;85;Diptera;Culicidae;Culicinae;Culicini;;
176;19;ago/19;Operação;Seca;25/08/2019;3;Sugador/Puçá;matutino;Simulium spp.;28;Diptera;Simuliidae;Simuliinae;;;
177;19;ago/19;Operação;Seca;25/08/2019;3;Sugador/Puçá;matutino;Culicoides spp.;11;Diptera;Ceratopogonidae;;;;
178;19;ago/19;Operação;Seca;25/08/2019;3;Sugador/Puçá;matutino;Aedes albopictus;5;Diptera;Culicidae;Culicinae;Aedini;;
179;19;ago/19;Operação;Seca;25/08/2019;3;Sugador/Puçá;matutino;Culex spp.;26;Diptera;Culicidae;Culicinae;Culicini;;
180;19;ago/19;Operação;Seca;24/08/2019;4;Sugador/Puçá;matutino;Simulium spp.;7;Diptera;Simuliidae;Simuliinae;;;
181;19;ago/19;Operação;Seca;24/08/2019;4;Sugador/Puçá;matutino;Culicoides spp.;5;Diptera;Ceratopogonidae;;;;
182;19;ago/19;Operação;Seca;24/08/2019;4;Sugador/Puçá;matutino;Tabanus spp.;4;Diptera;Tabanidea;;;;
183;19;ago/19;Operação;Seca;25/08/2019;4;CDC;noturno;Chagasia sp.;1;Diptera;Culicidae;Anophelinae;;;
184;19;ago/19;Operação;Seca;26/08/2019;5;Sugador/Puçá;matutino;Simulium spp.;5;Diptera;Simuliidae;Simuliinae;;;
185;19;ago/19;Operação;Seca;25/08/2019;6;Sugador/Puçá;matutino;Simulium spp.;5;Diptera;Simuliidae;Simuliinae;;;
186;20;nov/19;Operação;Chuva;nov/19;1;Sugador/Puçá;noturno;Aedes albopictus;5;Diptera;Culicidae;Culicinae;Aedini;;
187;20;nov/19;Operação;Chuva;nov/19;1;Sugador/Puçá;noturno;Aedes scapularis;2;Diptera;Culicidae;Culicinae;Aedini;;
188;20;nov/19;Operação;Chuva;nov/19;1;Sugador/Puçá;noturno;Simulium spp.;12;Diptera;Simuliidae;Simuliinae;;;
189;20;nov/19;Operação;Chuva;nov/19;1;Sugador/Puçá;matutino;Aedes albopictus;3;Diptera;Culicidae;Culicinae;Aedini;;
190;20;nov/19;Operação;Chuva;nov/19;2;Sugador/Puçá;noturno;Culex spp.;4;Diptera;Culicidae;Culicinae;Culicini;;
191;20;nov/19;Operação;Chuva;nov/19;2;Sugador/Puçá;noturno;Aedes albopictus;6;Diptera;Culicidae;Culicinae;Aedini;;
192;20;nov/19;Operação;Chuva;nov/19;2;Sugador/Puçá;noturno;Aedes scapularis;3;Diptera;Culicidae;Culicinae;Aedini;;
193;20;nov/19;Operação;Chuva;nov/19;2;Sugador/Puçá;noturno;Simulium spp.;7;Diptera;Simuliidae;Simuliinae;;;
194;20;nov/19;Operação;Chuva;nov/19;2;Sugador/Puçá;noturno;Culicoides spp.;5;Diptera;Ceratopogonidae;;;;
195;20;nov/19;Operação;Chuva;nov/19;2;Sugador/Puçá;matutino;Simulium spp.;7;Diptera;Simuliidae;Simuliinae;;;
196;20;nov/19;Operação;Chuva;nov/19;2;Sugador/Puçá;matutino;Aedes albopictus;4;Diptera;Culicidae;Culicinae;Aedini;;
197;20;nov/19;Operação;Chuva;nov/19;2;Sugador/Puçá;matutino;Culex spp.;2;Diptera;Culicidae;Culicinae;Culicini;;
198;20;nov/19;Operação;Chuva;nov/19;2;CDC;noturno;Culex spp.;1;Diptera;Culicidae;Culicinae;Culicini;;
199;20;nov/19;Operação;Chuva;nov/19;3;Sugador/Puçá;noturno;Aedes fluviatilis ;2;Diptera;Culicidae;Culicinae;Aedini;;
200;20;nov/19;Operação;Chuva;nov/19;3;Sugador/Puçá;noturno;Simulium spp.;4;Diptera;Simuliidae;Simuliinae;;;
201;20;nov/19;Operação;Chuva;nov/19;3;Sugador/Puçá;noturno;Aedes albopictus;1;Diptera;Culicidae;Culicinae;Aedini;;
202;20;nov/19;Operação;Chuva;nov/19;3;Sugador/Puçá;matutino;Aedes fluviatilis ;2;Diptera;Culicidae;Culicinae;Aedini;;
203;20;nov/19;Operação;Chuva;nov/19;3;Sugador/Puçá;matutino;Simulium spp.;3;Diptera;Simuliidae;Simuliinae;;;
204;20;nov/19;Operação;Chuva;nov/19;4;Sugador/Puçá;noturno;Aedes albopictus;2;Diptera;Culicidae;Culicinae;Aedini;;
205;20;nov/19;Operação;Chuva;nov/19;4;Sugador/Puçá;noturno;Aedes serratus;1;Diptera;Culicidae;Culicinae;Aedini;;
206;20;nov/19;Operação;Chuva;nov/19;4;Sugador/Puçá;noturno;Simulium spp.;3;Diptera;Simuliidae;Simuliinae;;;
207;20;nov/19;Operação;Chuva;nov/19;4;Sugador/Puçá;matutino;Tabanus spp.;1;Diptera;Tabanidea;;;;
208;20;nov/19;Operação;Chuva;nov/19;4;CDC;noturno;Uranotenia spp.;1;Diptera;Culicidae;Culicinae;Uranotaeniini;;
209;20;nov/19;Operação;Chuva;nov/19;4;CDC;noturno;Culex spp.;2;Diptera;Culicidae;Culicinae;Culicini;;
210;20;nov/19;Operação;Chuva;nov/19;5;Sugador/Puçá;noturno;Aedes scapularis;3;Diptera;Culicidae;Culicinae;Aedini;;
211;20;nov/19;Operação;Chuva;nov/19;5;Sugador/Puçá;noturno;Culicoides spp.;2;Diptera;Ceratopogonidae;;;;
212;20;nov/19;Operação;Chuva;nov/19;5;Sugador/Puçá;noturno;Simulium spp.;1;Diptera;Simuliidae;Simuliinae;;;
213;20;nov/19;Operação;Chuva;nov/19;5;Sugador/Puçá;matutino;Aedes albopictus;1;Diptera;Culicidae;Culicinae;Aedini;;
214;20;nov/19;Operação;Chuva;nov/19;5;Sugador/Puçá;matutino;Sabethes (Sabethes) albiprivus;1;Diptera;Culicidae;Culicinae;Sabethini;;
215;20;nov/19;Operação;Chuva;nov/19;5;Sugador/Puçá;matutino;Simulium spp.;3;Diptera;Simuliidae;Simuliinae;;;
216;21;fev/20;Operação;Chuva;30/01/2020;1;Sugador/Puçá;noturno;Aedes fluviatilis ;4;Diptera;Culicidae;Culicinae;Aedini;;
217;21;fev/20;Operação;Chuva;30/01/2020;1;Sugador/Puçá;noturno;Psorophora (Janthinossoma) albipes;3;Diptera;Culicidae;Culicinae;Aedini;;
218;21;fev/20;Operação;Chuva;30/01/2020;1;Sugador/Puçá;noturno;Culicoides spp.;26;Diptera;Ceratopogonidae;;;;
219;21;fev/20;Operação;Chuva;31/01/2020;1;Sugador/Puçá;matutino;Simulium spp.;12;Diptera;Simuliidae;Simuliinae;;;
220;21;fev/20;Operação;Chuva;31/01/2020;1;Sugador/Puçá;matutino;Culicoides spp.;16;Diptera;Ceratopogonidae;;;;
221;21;fev/20;Operação;Chuva;04/02/2020;2;Sugador/Puçá;matutino;Aedes fluviatilis ;5;Diptera;Culicidae;Culicinae;Aedini;;
222;21;fev/20;Operação;Chuva;04/02/2020;2;Sugador/Puçá;matutino;Aedes albopictus;4;Diptera;Culicidae;Culicinae;Aedini;;
223;21;fev/20;Operação;Chuva;02/02/2020;4;Sugador/Puçá;noturno;Culex spp.;2;Diptera;Culicidae;Culicinae;Culicini;;
224;21;fev/20;Operação;Chuva;02/02/2020;4;Sugador/Puçá;noturno;Aedes fluviatilis ;3;Diptera;Culicidae;Culicinae;Aedini;;
225;21;fev/20;Operação;Chuva;02/02/2020;4;Sugador/Puçá;noturno;Culicoides spp.;37;Diptera;Ceratopogonidae;;;;
226;21;fev/20;Operação;Chuva;03/02/2020;4;Sugador/Puçá;matutino;Sabethes (Sabethes) albiprivus;6;Diptera;Culicidae;Culicinae;Sabethini;;
227;21;fev/20;Operação;Chuva;03/02/2020;4;Sugador/Puçá;matutino;Culicoides spp.;28;Diptera;Ceratopogonidae;;;;
228;21;fev/20;Operação;Chuva;31/01/2020;5;Sugador/Puçá;noturno;Sabethes (Sabethes) albiprivus;1;Diptera;Culicidae;Culicinae;Sabethini;;
229;21;fev/20;Operação;Chuva;31/01/2020;5;Sugador/Puçá;noturno;Aedes fluviatilis ;5;Diptera;Culicidae;Culicinae;Aedini;;
230;21;fev/20;Operação;Chuva;31/01/2020;5;Sugador/Puçá;noturno;Simulium spp.;12;Diptera;Simuliidae;Simuliinae;;;
231;21;fev/20;Operação;Chuva;31/01/2020;5;Sugador/Puçá;noturno;Psorophora (Janthinossoma) albipes;2;Diptera;Culicidae;Culicinae;Aedini;;
232;21;fev/20;Operação;Chuva;01/02/2020;6;Sugador/Puçá;noturno;Simulium spp.;13;Diptera;Simuliidae;Simuliinae;;;
233;21;fev/20;Operação;Chuva;02/02/2020;6;Sugador/Puçá;matutino;Culicoides spp.;18;Diptera;Ceratopogonidae;;;;
234;22;mai/20;Operação;Seca;10/05/2020;1;Sugador/Puçá;noturno;Culex spp.;1;Diptera;Culicidae;Culicinae;Culicini;;
235;22;mai/20;Operação;Seca;11/05/2020;1;CDC;noturno;Psychoda sp.;1;Diptera;Psychodidae;;;;
236;22;mai/20;Operação;Seca;10/05/2020;3;CDC;noturno;Psychoda sp.;1;Diptera;Psychodidae;;;;
237;22;mai/20;Operação;Seca;11/05/2020;4;Sugador/Puçá;noturno;Anopheles (Nys.) triannulatus;2;Diptera;Culicidae;Anophelinae;Anophelini;;
238;22;mai/20;Operação;Seca;11/05/2020;4;Sugador/Puçá;noturno;Phlebotominae sp.;1;Diptera;Psychodidae;Phlebotominae;;;
239;22;mai/20;Operação;Seca;11/05/2020;4;Sugador/Puçá;noturno;Aedes albopictus;2;Diptera;Culicidae;Culicinae;Aedini;;
240;22;mai/20;Operação;Seca;11/05/2020;4;Sugador/Puçá;noturno;Aedes fluviatilis ;1;Diptera;Culicidae;Culicinae;Aedini;;
241;22;mai/20;Operação;Seca;11/05/2020;4;Sugador/Puçá;noturno;Culex spp.;5;Diptera;Culicidae;Culicinae;Culicini;;
242;22;mai/20;Operação;Seca;11/05/2020;4;CDC;noturno;Phlebotominae sp.;1;Diptera;Psychodidae;Phlebotominae;;;
243;22;mai/20;Operação;Seca;08/05/2020;5;Sugador/Puçá;noturno;Aedes albopictus;2;Diptera;Culicidae;Culicinae;Aedini;;
244;22;mai/20;Operação;Seca;08/05/2020;5;Sugador/Puçá;noturno;Sabethes (Sabethes) albiprivus;1;Diptera;Culicidae;Culicinae;Sabethini;;
245;12;set/17;Operação;Seca;08/05/2020;2;Sugador/Puçá;noturno;Culex spp.;161;Diptera;Culicidae;Culicinae;Culicini;;
246;12;set/17;Operação;Seca;08/05/2020;4;Sugador/Puçá;noturno;Culicoides spp.;9;Diptera;Ceratopogonidae;;;;
247;12;set/17;Operação;Seca;08/05/2020;5;Sugador/Puçá;noturno;Aedes albopictus;11;Diptera;Culicidae;Culicinae;Aedini;;
248;12;set/17;Operação;Seca;08/05/2020;6;Sugador/Puçá;noturno;Simulium spp.;17;Diptera;Simuliidae;Simuliinae;;;
249;12;set/17;Operação;Seca;08/05/2020;1;Sugador/Puçá;noturno;Phlebotominae sp.;1;Diptera;Psychodidae;Phlebotominae;;;
250;13;dez/17;Operação;Chuva;08/05/2020;3;Sugador/Puçá;noturno;Culex spp.;134;Diptera;Culicidae;Culicinae;Culicini;;
251;13;dez/17;Operação;Chuva;08/05/2020;4;Sugador/Puçá;noturno;Culicoides spp.;15;Diptera;Ceratopogonidae;;;;
252;13;dez/17;Operação;Chuva;08/05/2020;3;Sugador/Puçá;noturno;Aedes albopictus;10;Diptera;Culicidae;Culicinae;Aedini;;
253;13;dez/17;Operação;Chuva;08/05/2020;5;Sugador/Puçá;noturno;Simulium spp.;17;Diptera;Simuliidae;Simuliinae;;;
254;13;dez/17;Operação;Chuva;08/05/2020;2;Sugador/Puçá;noturno;Phlebotominae sp.;2;Diptera;Psychodidae;Phlebotominae;;;
255;13;dez/17;Operação;Chuva;08/05/2020;1;Sugador/Puçá;noturno;Aedes fulvithorax;2;Diptera;Culicidae;Culicinae;Aedini;;
256;23;ago/20;Operação;Seca;08/08/2020;3;Sugador/Puçá;noturno;Aedes fluviatilis ;3;Diptera;Culicidae;Culicinae;Aedini;Guilherme;
257;23;ago/20;Operação;Seca;08/08/2020;3;Sugador/Puçá;noturno;Anopheles (Nys.) triannulatus;1;Diptera;Culicidae;Anophelinae;Anophelini;Guilherme;
258;23;ago/20;Operação;Seca;12/08/2020;3;CDC;noturno;Psychoda sp.;1;Diptera;Psychodidae;;;Guilherme;
259;23;ago/20;Operação;Seca;12/08/2020;3;CDC;noturno;Phlebotominae sp.;8;Diptera;Psychodidae;Phlebotominae;;Guilherme;
260;23;ago/20;Operação;Seca;09/08/2020;1;Sugador/Puçá;matutino;aedes albopictus;1;Diptera;Culicidae;Culicinae;Aedini;Guilherme;
261;23;ago/20;Operação;Seca;09/08/2020;1;Sugador/Puçá;matutino;Simulium spp.;1;Diptera;Simuliidae;Simuliinae;;Guilherme;
262;23;ago/20;Operação;Seca;07/08/2020;2;CDC;noturno;Phlebotominae sp.;1;Diptera;Psychodidae;Phlebotominae;;Guilherme;
263;23;ago/20;Operação;Seca;09/08/2020;4;CDC;noturno;Psychoda sp.;1;Diptera;Psychodidae;;;Guilherme;
264;23;ago/20;Operação;Seca;10/08/2020;6;Sugador/Puçá;noturno;Anopheles (Nys.) darlingi;11;Diptera;Culicidae;Anophelinae;Anophelini;Guilherme;
265;23;ago/20;Operação;Seca;10/08/2020;6;Sugador/Puçá;noturno;Anopheles (Anopheles) ssp.;1;Diptera;Culicidae;Anophelinae;Anophelini;Guilherme;
266;23;ago/20;Operação;Seca;10/08/2020;6;Sugador/Puçá;noturno;Aedes fluviatilis ;1;Diptera;Culicidae;Culicinae;Aedini;Guilherme;
267;24;nov/20;Operação;Chuva;08/11/2020;1;CDC;noturno;Aedes fluviatilis ;1;Diptera;Culicidae;Culicinae;Aedini;Gessisleni;
268;24;nov/20;Operação;Chuva;08/11/2020;1;CDC;noturno;Phlebotominae sp.;1;Diptera;Psychodidae;Phlebotominae;;Gessisleni;
269;24;nov/20;Operação;Chuva;07/11/2020;1;Sugador/Puçá;matutino;Aedes fluviatilis ;7;Diptera;Culicidae;Culicinae;Aedini;Gessisleni;
270;24;nov/20;Operação;Chuva;06/11/2020;2;Sugador/Puçá;matutino;Aedes albopictus;1;Diptera;Culicidae;Culicinae;Aedini;Gessisleni;
271;24;nov/20;Operação;Chuva;09/11/2020;4;Sugador/Puçá;noturno;Psorophora (Janthinossoma) albipes;2;Diptera;Culicidae;Culicinae;Aedini;Gessisleni;
272;24;nov/20;Operação;Chuva;09/11/2020;4;Sugador/Puçá;noturno;Aedes fluviatilis ;4;Diptera;Culicidae;Culicinae;Aedini;Gessisleni;
273;24;nov/20;Operação;Chuva;08/11/2020;5;Sugador/Puçá;matutino;Aedes fluviatilis ;1;Diptera;Culicidae;Culicinae;Aedini;Gessisleni;
274;24;nov/20;Operação;Chuva;04/11/2020;5;Sugador/Puçá;noturno;Aedes albopictus;2;Diptera;Culicidae;Culicinae;Aedini;Gessisleni;
275;25;fev/21;Operação;Chuva;11/02/2021;1;CDC;noturno;Aedeomyia spp.;2;Diptera;Culicidae;Culicinae;Aedeomyiini ;;
276;25;fev/21;Operação;Chuva;11/02/2021;1;Sugador/Puçá;matutino;Aedes albopictus;3;Diptera;Culicidae;Culicinae;Aedini;Gessisleni;
277;25;fev/21;Operação;Chuva;12/02/2021;2;Sugador/Puçá;matutino;Aedes albopictus;18;Diptera;Culicidae;Culicinae;Aedini;Gessisleni;
278;25;fev/21;Operação;Chuva;12/02/2021;2;Sugador/Puçá;noturno;Aedes scapularis;1;Diptera;Culicidae;Culicinae;Aedini;Gessisleni;
279;25;fev/21;Operação;Chuva;12/02/2021;2;Sugador/Puçá;noturno;Aedes albopictus;21;Diptera;Culicidae;Culicinae;Aedini;Gessisleni;
280;25;fev/21;Operação;Chuva;13/12/2021;3;CDC;noturno;Anopheles (Nys.) benarrochi;3;Diptera;Culicidae;Anophelinae;Anophelini;;
281;25;fev/21;Operação;Chuva;14/02/2021;4;Sugador/Puçá;matutino;Aedes albopictus;2;Diptera;Culicidae;Culicinae;Aedini;Gessisleni;
282;25;fev/21;Operação;Chuva;14/02/2021;4;Sugador/Puçá;noturno;Sabethes (Sabethes) albiprivus;2;Diptera;Culicidae;Culicinae;Sabethini;;
283;25;fev/21;Operação;Chuva;15/02/2021;5;Sugador/Puçá;noturno;Aedes scapularis;4;Diptera;Culicidae;Culicinae;Aedini;Gessisleni;
284;25;fev/21;Operação;Chuva;15/02/2021;5;Sugador/Puçá;noturno;Aedes albopictus;48;Diptera;Culicidae;Culicinae;Aedini;Gessisleni;
285;25;fev/21;Operação;Chuva;16/02/2021;6;Sugador/Puçá;noturno;Aedes scapularis;3;Diptera;Culicidae;Culicinae;Aedini;;
286;26;mai/21;Operação;Seca;10/05/2021;1;Sugador/Puçá;matutino;Aedes albopictus;2;Diptera;Culicidae;Culicinae;Aedini;Rodrigo;
287;26;mai/21;Operação;Seca;09/05/2021;1;Sugador/Puçá;noturno;Uranotenia spp.;2;Diptera;Culicidae;Culicinae;Uranotaeniini;Rodrigo;
288;26;mai/21;Operação;Seca;09/05/2021;1;Sugador/Puçá;noturno;Anopheles (Nys.) triannulatus;2;Diptera;Culicidae;Anophelinae;Anophelini;Rodrigo;
289;26;mai/21;Operação;Seca;09/05/2021;1;Sugador/Puçá;noturno;Culex spp.;8;Diptera;Culicidae;Culicinae;Culicini;Rodrigo;
290;26;mai/21;Operação;Seca;09/05/2021;1;Sugador/Puçá;noturno;Aedes fluviatilis ;2;Diptera;Culicidae;Culicinae;Aedini;Rodrigo;
291;26;mai/21;Operação;Seca;05/05/2021;2;Sugador/Puçá;noturno;Aedes albopictus;4;Diptera;Culicidae;Culicinae;Aedini;Rodrigo;
292;26;mai/21;Operação;Seca;10/05/2021;3;Sugador/Puçá;noturno;Aedes scapularis;5;Diptera;Culicidae;Culicinae;Aedini;Rodrigo;
293;26;mai/21;Operação;Seca;07/05/2021;4;Sugador/Puçá;noturno;Aedes albopictus;2;Diptera;Culicidae;Culicinae;Aedini;Rodrigo;
294;26;mai/21;Operação;Seca;08/05/2021;4;Sugador/Puçá;matutino;Tabanus spp.;2;Diptera;Tabanidea;;;Rodrigo;
295;26;mai/21;Operação;Seca;08/05/2021;5;Sugador/Puçá;noturno;Aedes scapularis;1;Diptera;Culicidae;Culicinae;Aedini;Rodrigo;
296;26;mai/21;Operação;Seca;08/05/2021;5;Sugador/Puçá;noturno;Anopheles (Nys.) parvus;2;Diptera;Culicidae;Anophelinae;Anophelini;Rodrigo;
297;26;mai/21;Operação;Seca;08/05/2021;5;CDC;noturno;Phlebotominae sp.;3;Diptera;Psychodidae;Phlebotominae;;Rodrigo;
298;26;mai/21;Operação;Seca;06/05/2021;6;Sugador/Puçá;noturno;Aedes scapularis;3;Diptera;Culicidae;Culicinae;Aedini;Rodrigo;
299;26;mai/21;Operação;Seca;06/05/2021;6;Sugador/Puçá;noturno;Aedes albopictus;2;Diptera;Culicidae;Culicinae;Aedini;Rodrigo;
300;27;ago/21;Operação;Seca;21/08/2021;2;Sugador/Puçá;noturno;Aedes serratus;2;Diptera;Culicidae;Culicinae;Aedini;martius ;
301;27;ago/21;Operação;Seca;19/08/2021;3;Sugador/Puçá;noturno;Anopheles (Nys.) parvus;1;Diptera;Culicidae;Anophelinae;Anophelini;martius ;
302;27;ago/21;Operação;Seca;18/08/2021;4;Sugador/Puçá;noturno;Anopheles (Nys.) benarrochi;1;Diptera;Culicidae;Anophelinae;Anophelini;martius ;
303;27;ago/21;Operação;Seca;17/08/2021;5;Sugador/Puçá;noturno;Aedes serratus;1;Diptera;Culicidae;Culicinae;Aedini;martius ;
304;27;ago/21;Operação;Seca;19/08/2021;6;Sugador/Puçá;noturno;Anopheles (Nys.) darlingi;5;Diptera;Culicidae;Anophelinae;Anophelini;martius ;
305;27;ago/21;Operação;Seca;19/08/2021;6;Sugador/Puçá;noturno;Anopheles (Nys.) benarrochi;1;Diptera;Culicidae;Anophelinae;Anophelini;martius ;
306;28;nov/21;Operação;Chuva;03/11/2021;1;Sugador/Puçá;matutino;Aedes albopictus;1;Diptera;Culicidae;Culicinae;Aedini;wednei;
307;28;nov/21;Operação;Chuva;03/11/2021;1;Sugador/Puçá;matutino;Aedes scapularis;1;Diptera;Culicidae;Culicinae;Aedini;wednei;
308;28;nov/21;Operação;Chuva;07/11/2021;1;Sugador/Puçá;noturno;Aedes albopictus;3;Diptera;Culicidae;Culicinae;Aedini;wednei;
309;28;nov/21;Operação;Chuva;08/11/2021;1;CDC;noturno;Phlebotominae sp.;1;Diptera;Psychodidae;Phlebotominae;;wednei;
310;28;nov/21;Operação;Chuva;03/11/2021;2;Sugador/Puçá;matutino;Aedes albopictus;5;Diptera;Culicidae;Culicinae;Aedini;wednei;
311;28;nov/21;Operação;Chuva;04/11/2021;4;CDC;noturno;Anopheles (Nys.) argyritarsis argyritarsis;1;Diptera;Culicidae;Anophelinae;Anophelini;wednei;
312;28;nov/21;Operação;Chuva;04/11/2021;4;CDC;noturno;Culex spp.;1;Diptera;Culicidae;Culicinae;Culicini;wednei;
313;28;nov/21;Operação;Chuva;03/11/2021;4;Sugador/Puçá;noturno;Aedes albopictus;1;Diptera;Culicidae;Culicinae;Aedini;wednei;
314;28;nov/21;Operação;Chuva;06/11/2021;6;CDC;noturno;Culex spp.;2;Diptera;Culicidae;Culicinae;Culicini;wednei;
315;29;01/02/2022;Operação;Seca;24/02/2022;1;Sugador/Puçá;noturno;Aedes albopictus;5;Diptera;Culicidae;Culicinae;Aedini;wednei;
316;29;01/02/2022;Operação;Seca;25/02/2022;1;Sugador/Puçá;matutino;Aedes albopictus;4;Diptera;Culicidae;Culicinae;Aedini;wednei;
317;29;01/02/2022;Operação;Seca;24/02/2022;2;Sugador/Puçá;matutino;Aedes albopictus;1;Diptera;Culicidae;Culicinae;Aedini;wednei;
318;29;01/02/2022;Operação;Seca;26/02/2022;4;Sugador/Puçá;matutino;Aedes albopictus;1;Diptera;Culicidae;Culicinae;Aedini;wednei;
319;29;01/02/2022;Operação;Seca;25/02/2022;4;Sugador/Puçá;noturno;Sabethes (Sabethes) albiprivus;2;Diptera;Culicidae;Culicinae;Sabethini;wednei;
320;29;01/02/2022;Operação;Seca;23/02/2022;5;Sugador/Puçá;matutino;Sabethes (Sabethes) albiprivus;3;Diptera;Culicidae;Culicinae;Sabethini;wednei;
321;29;01/02/2022;Operação;Seca;23/02/2022;5;Sugador/Puçá;matutino;Haemagogus (Con.) leucocelaenus;1;Diptera;Culicidae;Culicinae;Aedini;wednei;
322;29;01/02/2022;Operação;Seca;23/02/2022;5;Sugador/Puçá;matutino;Sabethes spp.;1;Diptera;Culicidae;Culicinae;Sabethini;wednei;
323;29;01/02/2022;Operação;Seca;27/02/2022;6;Sugador/Puçá;matutino;Aedes albopictus;2;Diptera;Culicidae;Culicinae;Aedini;wednei;
324;30;01/05/2022;Operação;Seca;27/05/2022;1;Sugador/Puçá;noturno;Anopheles (Nys.) triannulatus;2;Diptera;Culicidae;Anophelinae;Anophelini;Rodrigo;
325;30;01/05/2022;Operação;Seca;27/05/2022;1;Sugador/Puçá;noturno;Culex spp.;1;Diptera;Culicidae;Culicinae;Culicini;Rodrigo;
326;30;01/05/2022;Operação;Seca;28/05/2022;1;Sugador/Puçá;matutino;Culex spp.;3;Diptera;Culicidae;Culicinae;Culicini;Rodrigo;
327;30;01/05/2022;Operação;Seca;25/05/2022;3;Sugador/Puçá;noturno;Simulium spp.;5;Diptera;Simuliidae;Simuliinae;;Rodrigo;
328;30;01/05/2022;Operação;Seca;25/05/2022;3;Sugador/Puçá;noturno;Aedes scapularis;9;Diptera;Culicidae;Culicinae;Aedini;Rodrigo;
329;30;01/05/2022;Operação;Seca;26/05/2022;3;Sugador/Puçá;matutino;Simulium spp.;2;Diptera;Simuliidae;Simuliinae;;Rodrigo;
330;30;01/05/2022;Operação;Seca;26/05/2022;3;Sugador/Puçá;matutino;Aedes albopictus;3;Diptera;Culicidae;Culicinae;Aedini;Rodrigo;
331;30;01/05/2022;Operação;Seca;27/05/2022;4;Sugador/Puçá;noturno;Anopheles (Nys.) triannulatus;1;Diptera;Culicidae;Anophelinae;Anophelini;Rodrigo;
332;30;01/05/2022;Operação;Seca;27/05/2022;4;Sugador/Puçá;noturno;Aedes scapularis;2;Diptera;Culicidae;Culicinae;Aedini;Rodrigo;
333;30;01/05/2022;Operação;Seca;27/05/2022;4;Sugador/Puçá;noturno;Simulium spp.;3;Diptera;Simuliidae;Simuliinae;;Rodrigo;
334;30;01/05/2022;Operação;Seca;27/05/2022;4;Sugador/Puçá;noturno;Sabethes (Sabethes) albiprivus;1;Diptera;Culicidae;Culicinae;Sabethini;Rodrigo;
335;30;01/05/2022;Operação;Seca;29/05/2022;4;Sugador/Puçá;matutino;Simulium spp.;2;Diptera;Simuliidae;Simuliinae;;Rodrigo;
336;30;01/05/2022;Operação;Seca;26/05/2022;5;Sugador/Puçá;noturno;Simulium spp.;3;Diptera;Simuliidae;Simuliinae;;Rodrigo;
337;30;01/05/2022;Operação;Seca;26/05/2022;5;Sugador/Puçá;noturno;Anopheles (Nys.) argyritarsis argyritarsis;1;Diptera;Culicidae;Anophelinae;Anophelini;Rodrigo;
338;30;01/05/2022;Operação;Seca;26/05/2022;5;Sugador/Puçá;noturno;Anopheles (Nys.) spp.;1;Diptera;Culicidae;Anophelinae;Anophelini;Rodrigo;
339;30;01/05/2022;Operação;Seca;25/05/2022;6;Sugador/Puçá;noturno;Simulium spp.;2;Diptera;Simuliidae;Simuliinae;;Rodrigo;
340;30;01/05/2022;Operação;Seca;25/05/2022;6;Sugador/Puçá;noturno;Culicoides spp.;5;Diptera;Ceratopogonidae;;;Rodrigo;
341;31;01/08/2022;Operação;Seca;17/08/2022;2;Sugador/Puçá;noturno;Simulium spp.;3;Diptera;Simuliidae;Simuliinae;;Victoria Sousa;
342;31;01/08/2022;Operação;Seca;19/08/2022;3;Sugador/Puçá;matutino;Simulium spp.;4;Diptera;Simuliidae;Simuliinae;;Victoria Sousa;
343;31;01/08/2022;Operação;Seca;18/08/2022;5;Sugador/Puçá;matutino;Simulium spp.;3;Diptera;Simuliidae;Simuliinae;;Victoria Sousa;
344;32;01/11/2022;Operação;chuva;06/11/2022;1;Sugador/Puçá;noturno;Aedes albopictus;4;Diptera;Culicidae;Culicinae;Aedini;;
345;32;01/11/2022;Operação;chuva;06/11/2022;1;Sugador/Puçá;noturno;Simulium spp.;2;Diptera;Simuliidae;Simuliinae;;;
346;32;01/11/2022;Operação;chuva;05/11/2022;2;Sugador/Puçá;noturno;Psorophora (Janthinossoma) albipes;2;Diptera;Culicidae;Culicinae;Aedini;;
347;32;01/11/2022;Operação;chuva;05/11/2022;2;Sugador/Puçá;noturno;Aedes albopictus;1;Diptera;Culicidae;Culicinae;Aedini;;
348;32;01/11/2022;Operação;chuva;09/11/2022;4;Sugador/Puçá;matutino;Aedes albopictus;4;Diptera;Culicidae;Culicinae;Aedini;;
349;32;01/11/2022;Operação;chuva;08/11/2022;4;Sugador/Puçá;noturno;Aedes albopictus;10;Diptera;Culicidae;Culicinae;Aedini;;
350;32;01/11/2022;Operação;chuva;08/11/2022;4;Sugador/Puçá;noturno;Aedes scapularis;1;Diptera;Culicidae;Culicinae;Aedini;;
351;32;01/11/2022;Operação;chuva;04/11/2022;5;Sugador/Puçá;noturno;Anopheles (Nys.) argyritarsis argyritarsis;1;Diptera;Culicidae;Anophelinae;Anophelini;;
352;32;01/11/2022;Operação;chuva;07/11/2022;6;Sugador/Puçá;noturno;Simulium spp.;1;Diptera;Simuliidae;Simuliinae;;;
353;32;01/11/2022;Operação;chuva;07/11/2022;6;CDC;noturno;Phlebotominae sp.;1;Diptera;Psychodidae;Phlebotominae;;;
354;33;fev/23;Operação;Chuva;23/02/2023;2;Sugador/Puçá;noturno;Aedes scapularis;3;Diptera;Culicidae;Culicinae;Aedini;;
355;33;fev/23;Operação;Chuva;23/02/2023;2;Sugador/Puçá;noturno;Aedes albopictus;6;Diptera;Culicidae;Culicinae;Aedini;;
356;33;fev/23;Operação;Chuva;20/02/2023;3;Sugador/Puçá;matutino;Aedes scapularis;11;Diptera;Culicidae;Culicinae;Aedini;;
357;33;fev/23;Operação;Chuva;20/02/2023;3;CDC;noturno;Phlebotominae sp.;3;Diptera;Psychodidae;Phlebotominae;;;
358;33;fev/23;Operação;Chuva;21/03/2023;4;CDC;noturno;Aedes scapularis;1;Diptera;Culicidae;Culicinae;Aedini;;
359;33;fev/23;Operação;Chuva;21/02/2023;4;Sugador/Puçá;noturno;Aedes scapularis;6;Diptera;Culicidae;Culicinae;Aedini;;
360;33;fev/23;Operação;Chuva;23/03/2023;5;CDC;noturno;Culex spp.;1;Diptera;Culicidae;Culicinae;Culicini;Rodrigo;
361;34;mai/23;Operação;seca;07/05/2023;1;BS;noturno;Aedes albopictus;2;Diptera;Culicidae;Culicinae;Aedini;lucas;
362;34;mai/23;Operação;seca;07/05/2023;1;Sugador/Puçá;noturno;Aedes albopictus;7;Diptera;Culicidae;Culicinae;Aedini;lucas;
363;34;mai/23;Operação;seca;07/05/2023;1;Sugador/Puçá;noturno;Aedes scapularis;1;Diptera;Culicidae;Culicinae;Aedini;lucas;
364;34;mai/23;Operação;seca;07/05/2023;1;Sugador/Puçá;noturno;Simulium spp.;1;Diptera;Simuliidae;Simuliinae;;lucas;
365;34;mai/23;Operação;seca;07/05/2023;2;Sugador/Puçá;matutino;Aedes scapularis;1;Diptera;Culicidae;Culicinae;Aedini;lucas;
366;34;mai/23;Operação;seca;06/05/2023;2;Sugador/Puçá;noturno;Aedes albopictus;4;Diptera;Culicidae;Culicinae;Aedini;lucas;
367;34;mai/23;Operação;seca;06/05/2023;2;Sugador/Puçá;noturno;Simulium spp.;1;Diptera;Simuliidae;Simuliinae;;lucas;
368;34;mai/23;Operação;seca;04/05/2023;3;BS;noturno;Anopheles (Nys.) darlingi;1;Diptera;Culicidae;Anophelinae;Anophelini;lucas;
369;34;mai/23;Operação;seca;04/05/2023;3;BS;noturno;Anopheles (Nys.) benarrochi;1;Diptera;Culicidae;Anophelinae;Anophelini;lucas;
370;34;mai/23;Operação;seca;03/05/2023;4;Sugador/Puçá;noturno;Culex spp.;1;Diptera;Culicidae;Culicinae;Culicini;lucas;
371;34;mai/23;Operação;seca;03/05/2023;4;Sugador/Puçá;matutino;Culex spp.;1;Diptera;Culicidae;Culicinae;Culicini;lucas;
372;34;mai/23;Operação;seca;04/05/2023;6;BS;noturno;Culex spp.;2;Diptera;Culicidae;Culicinae;Culicini;lucas;
373;34;mai/23;Operação;seca;04/05/2023;6;Sugador/Puçá;noturno;Aedes albopictus;1;Diptera;Culicidae;Culicinae;Aedini;lucas;
374;35;ago/23;Operação;seca;28/08/2023;1;Sugador/Puçá;noturno;Simulium spp.;9;Diptera;Simuliidae;Simuliinae;;;
375;35;ago/23;Operação;seca;28/08/2023;1;Sugador/Puçá;noturno;Aedes fluviatilis ;1;Diptera;Culicidae;Culicinae;Aedini;lucas;
376;35;ago/23;Operação;seca;28/08/2023;1;BS;noturno;Anopheles (Nys.) benarrochi;1;Diptera;Culicidae;Anophelinae;Anophelini;;
377;35;ago/23;Operação;seca;29/08/2023;2;Sugador/Puçá;noturno;Simulium spp.;3;Diptera;Simuliidae;Simuliinae;;;
378;35;ago/23;Operação;seca;30/08/2023;4;Sugador/Puçá;noturno;Aedes scapularis;2;Diptera;Culicidae;Culicinae;Aedini;lucas;
379;35;ago/23;Operação;seca;30/08/2023;4;CDC;noturno;Aedes scapularis;4;Diptera;Culicidae;Culicinae;Aedini;lucas;
380;35;ago/23;Operação;seca;30/08/2023;4;CDC;noturno;Phlebotominae sp.;2;Diptera;Psychodidae;Phlebotominae;;;
381;35;ago/23;Operação;seca;28/08/2023;5;Sugador/Puçá;matutino;Simulium spp.;2;Diptera;Simuliidae;Simuliinae;;;
382;35;ago/23;Operação;seca;27/08/2023;5;Sugador/Puçá;noturno;Aedes albopictus;4;Diptera;Culicidae;Culicinae;Aedini;lucas;
383;35;ago/23;Operação;seca;27/08/2023;5;Sugador/Puçá;noturno;Culex spp.;1;Diptera;Culicidae;Culicinae;Culicini;;
384;35;ago/23;Operação;seca;27/08/2023;5;Sugador/Puçá;noturno;Sabethes (Sabethes) albiprivus;1;Diptera;Culicidae;Culicinae;Sabethini;;
385;35;ago/23;Operação;seca;26/08/2023;6;CDC;noturno;Phlebotominae sp.;4;Diptera;Psychodidae;Phlebotominae;;;
386;36;nov/23;Operação;Chuva;04/11/2023;1;CDC;noturno;Phlebotominae sp.;3;Diptera;Psychodidae;Phlebotominae;;;
387;36;nov/23;Operação;Chuva;04/11/2023;1;Sugador/Puçá;matutino;Aedes albopictus;1;Diptera;Culicidae;Culicinae;Aedini;lucas;
388;36;nov/23;Operação;Chuva;05/11/2023;2;Sugador/Puçá;matutino;Aedes albopictus;3;Diptera;Culicidae;Culicinae;Aedini;lucas;
389;36;nov/23;Operação;Chuva;05/11/2023;2;BS;noturno;Anopheles (Nys.) benarrochi;1;Diptera;Culicidae;Anophelinae;Anophelini;lucas;
390;36;nov/23;Operação;Chuva;07/11/2023;3;Sugador/Puçá;matutino;Aedes albopictus;5;Diptera;Culicidae;Culicinae;Aedini;lucas;
391;36;nov/23;Operação;Chuva;06/11/2023;3;CDC;noturno;Mansonia spp.;1;Diptera;Culicidae;Culicinae;Mansoninii;lucas;
392;36;nov/23;Operação;Chuva;02/04/2023;4;BS;noturno;Aedes fulvithorax;2;Diptera;Culicidae;Culicinae;Aedini;lucas;
393;36;nov/23;Operação;Chuva;06/11/2023;6;Sugador/Puçá;noturno;Aedes albopictus;12;Diptera;Culicidae;Culicinae;Aedini;lucas;
394;37;fev/24;Operação;Chuva;12/02/2024;4;Sugador/Puçá;noturno;Aedes scapularis;1;Diptera;Culicidae;Culicinae;Aedini;lucas;
395;37;fev/24;Operação;Chuva;12/02/2024;4;Sugador/Puçá;matutino;Sabethes (Sabethes) albiprivus;1;Diptera;Culicidae;Culicinae;Sabethini;;
396;37;fev/24;Operação;Chuva;12/02/2024;4;Sugador/Puçá;matutino;Aedes albopictus;2;Diptera;Culicidae;Culicinae;Aedini;lucas;
397;37;fev/24;Operação;Chuva;12/02/2024;4;Sugador/Puçá;matutino;Aedes scapularis;1;Diptera;Culicidae;Culicinae;Aedini;lucas;
398;37;fev/24;Operação;Chuva;12/02/2024;4;BS;noturno;Culex spp.;2;Diptera;Culicidae;Culicinae;Culicini;;
399;37;fev/24;Operação;Chuva;12/02/2024;4;CDC;noturno;Anopheles (Nys.) benarrochi;1;Diptera;Culicidae;Anophelinae;Anophelini;lucas;
400;38;mai/24;Operação;Seca;06/05/2024;1;CDC;noturno;Aedes argyrothorax;1;Diptera;Culicidae;Culicinae;Aedini;lucas;
401;38;mai/24;Operação;Seca;06/05/2024;6;BS;noturno;Anopheles (Nys.) benarrochi;3;Diptera;Culicidae;Anophelinae;Anophelini;lucas;
402;38;mai/24;Operação;Seca;06/05/2024;6;Sugador/Puçá;noturno;Aedes serratus;1;Diptera;Culicidae;Culicinae;Aedini;lucas;
403;39;ago/24;Operação;Seca;22/08/2024;2;BS;noturno;Anopheles (Nys.) spp.;2;Diptera;Culicidae;Anophelinae;Anophelini;alex;
404;39;ago/24;Operação;Seca;21/08/2024;4;BS;noturno;Anopheles (Nys.) benarrochi;5;Diptera;Culicidae;Anophelinae;Anophelini;alex;
405;39;ago/24;Operação;Seca;21/08/2024;4;BS;noturno;Anopheles (Nys.) darlingi;4;Diptera;Culicidae;Anophelinae;Anophelini;alex;
406;39;ago/24;Operação;Seca;21/08/2024;4;Sugador/Puçá;noturno;Anopheles (Nys.) benarrochi;1;Diptera;Culicidae;Anophelinae;Anophelini;alex;
407;39;ago/24;Operação;Seca;21/08/2024;4;Sugador/Puçá;noturno;Anopheles (Nys.) darlingi;2;Diptera;Culicidae;Anophelinae;Anophelini;alex;
408;39;ago/24;Operação;Seca;24/08/2024;5;CDC;noturno;Aedes scapularis;1;Diptera;Culicidae;Culicinae;Aedini;alex;
409;39;ago/24;Operação;Seca;25/08/2024;5;CDC;noturno;Anopheles (Nys.) darlingi;1;Diptera;Culicidae;Anophelinae;Anophelini;alex;
410;39;ago/24;Operação;Seca;23/08/2024;6;Sugador/Puçá;noturno;Anopheles (Nys.) darlingi;2;Diptera;Culicidae;Anophelinae;Anophelini;alex;
411;39;ago/24;Operação;Seca;23/08/2024;6;BS;noturno;Anopheles (Nys.) darlingi;2;Diptera;Culicidae;Anophelinae;Anophelini;alex;
412;39;ago/24;Operação;Seca;23/08/2024;6;BS;noturno;Anopheles (Nys.) triannulatus;1;Diptera;Culicidae;Anophelinae;Anophelini;alex;
413;39;ago/24;Operação;Seca;23/08/2024;6;BS;noturno;Culex spp.;1;Diptera;Culicidae;Culicinae;Culicini;alex;
414;40;nov/24;Operação;Chuva;03/11/2024;1;Sugador/Puçá;matutino;Haemagogus (Con.) leucocelaenus;1;Diptera;Culicidae;Culicinae;Aedini;alex;
415;40;nov/24;Operação;Chuva;03/11/2024;1;Sugador/Puçá;matutino;Aedes albopictus;5;Diptera;Culicidae;Culicinae;Aedini;alex;
416;40;nov/24;Operação;Chuva;02/11/2024;1;BS;noturno;Aedes albopictus;1;Diptera;Culicidae;Culicinae;Aedini;alex;
417;40;nov/24;Operação;Chuva;02/11/2024;1;BS;noturno;Aedes scapularis;1;Diptera;Culicidae;Culicinae;Aedini;alex;
418;40;nov/24;Operação;Chuva;02/11/2024;1;Sugador/Puçá;matutino;Aedes albopictus;2;Diptera;Culicidae;Culicinae;Aedini;alex;
419;40;nov/24;Operação;Chuva;05/11/2024;2;Sugador/Puçá;matutino;Aedes albopictus;7;Diptera;Culicidae;Culicinae;Aedini;alex;
420;40;nov/24;Operação;Chuva;05/11/2024;3;CDC;noturno;Anopheles (Nys.) benarrochi;1;Diptera;Culicidae;Anophelinae;Anophelini;alex;
421;40;nov/24;Operação;Chuva;04/11/2024;4;Sugador/Puçá;matutino;Haemagogus (Con.) leucocelaenus;1;Diptera;Culicidae;Culicinae;Aedini;alex;
422;40;nov/24;Operação;Chuva;04/11/2024;4;Sugador/Puçá;matutino;Aedes albopictus;4;Diptera;Culicidae;Culicinae;Aedini;alex;
423;40;nov/24;Operação;Chuva;03/11/2024;4;BS;noturno;Culex spp.;1;Diptera;Culicidae;Culicinae;Culicini;alex;
424;40;nov/24;Operação;Chuva;06/11/2024;6;Sugador/Puçá;matutino;Aedes scapularis;1;Diptera;Culicidae;Culicinae;Aedini;alex;
425;40;nov/24;Operação;Chuva;05/11/2024;6;BS;noturno;Anopheles (Nys.) benarrochi;1;Diptera;Culicidae;Anophelinae;Anophelini;alex;
426;40;nov/24;Operação;Chuva;05/11/2024;6;BS;noturno;Culex spp.;1;Diptera;Culicidae;Culicinae;Culicini;alex;
427;40;nov/24;Operação;Chuva;05/11/2024;6;BS;noturno;Uranotenia spp.;1;Diptera;Culicidae;Culicinae;Uranotaeniini;alex;
428;40;nov/24;Operação;Chuva;05/11/2024;6;BS;noturno;Psorophora (Jan.) lutzii;1;Diptera;Culicidae;Culicinae;Aedini;alex;
429;41;fev/25;Operação;Chuva;06/02/2025;4;Sugador/Puçá;noturno;Aedes albopictus;3;Diptera;Culicidae;Culicinae;Aedini;alex;
430;40;fev/25;Operação;Chuva;06/02/2025;4;Sugador/Puçá;noturno;Oclerotatus serratus;3;Diptera;Culicidae;Culicinae;Aedini;alex;
431;40;fev/25;Operação;Chuva;05/02/2025;6;Shannon;noturno;Aedes albopictus;4;Diptera;Culicidae;Culicinae;Aedini;alex;
432;40;fev/25;Operação;Chuva;05/02/2025;6;Shannon;noturno;Uranotenia calosomata;5;Diptera;Culicidae;Culicinae;Uranotaeniini;alex;
433;40;fev/25;Operação;Chuva;05/02/2025;6;Sugador/Puçá;matutino;Culex nigripalpis;3;Diptera;Culicidae;Culicinae;Culicini;alex;
434;40;fev/25;Operação;Chuva;03/02/2025;5;Sugador/Puçá;noturno;Sabethes chloropterus;1;Diptera;Culicidae;Culicinae;Sabethini;alex;
435;40;fev/25;Operação;Chuva;04/02/2025;2;Shannon;noturno;Oclerotatus serratus;2;Diptera;Culicidae;Culicinae;Aedini;alex;
436;40;fev/25;Operação;Chuva;04/02/2025;2;Shannon;noturno;Simulium spp.;5;Diptera;Simuliidae;Simuliinae;;alex;
437;40;fev/25;Operação;Chuva;05/02/2025;2;Sugador/Puçá;noturno;Culex quinquefasciatus;4;Diptera;Culicidae;Culicinae;Culicini;alex;
438;40;fev/25;Operação;Chuva;05/02/2025;2;Sugador/Puçá;matutino;Culex quinquefasciatus;4;Diptera;Culicidae;Culicinae;Culicini;alex;
439;40;fev/24;Operação;Chuva;02/02/2024;1;Shannon;matutino;Sabethes chloropterus;4;Diptera;Culicidae;Culicinae;Sabethini;alex;
440;40;fev/25;Operação;Chuva;02/02/2024;1;Sugador/Puçá;noturno;Aedes albopictus;3;Diptera;Culicidae;Culicinae;Aedini;alex;
441;40;fev/25;Operação;Chuva;05/02/2024;3;Shannon;noturno;Aedes scapularis;1;Diptera;Culicidae;Culicinae;Aedini;alex;
442;41;02/02/2025;;;;1;;Aedes albopictus;Diptera;Culicidae;Culicinae;Aedini;;;;
443;41;02/02/2025;;;;1;;Aedes albopictus;Diptera;Culicidae;Culicinae;Aedini;;;;
444;41;02/02/2025;;;;1;;Aedes albopictus;Diptera;Culicidae;Culicinae;Aedini;;;;
445;41;04/02/2025;;;;2;;Oclerotatus serratus;Diptera;Culicidae;Culicinae;Aedini;;;;
446;41;04/02/2025;;;;2;;Oclerotatus serratus;Diptera;Culicidae;Culicinae;Aedini;;;;
447;41;04/02/2025;;;;2;;Simulium spp.;Diptera;Simuliidae;Simuliinae;;;;;
448;41;04/02/2025;;;;2;;Simulium spp.;Diptera;Simuliidae;Simuliinae;;;;;
449;41;04/02/2025;;;;2;;Simulium spp.;Diptera;Simuliidae;Simuliinae;;;;;
450;41;04/02/2025;;;;2;;Simulium spp.;Diptera;Simuliidae;Simuliinae;;;;;
451;41;04/02/2025;;;;2;;Simulium spp.;Diptera;Simuliidae;Simuliinae;;;;;
452;41;04/02/2025;;;;2;;Culex quinquefasciatus;Diptera;Culicidae;Culicinae;Culicini;;;;
453;41;04/02/2025;;;;2;;Culex quinquefasciatus;Diptera;Culicidae;Culicinae;Culicini;;;;
454;41;04/02/2025;;;;2;;Culex quinquefasciatus;Diptera;Culicidae;Culicinae;Culicini;;;;
455;41;04/02/2025;;;;2;;Culex quinquefasciatus;Diptera;Culicidae;Culicinae;Culicini;;;;
456;41;04/02/2025;;;;2;;Culex quinquefasciatus;Diptera;Culicidae;Culicinae;Culicini;;;;
457;41;04/02/2025;;;;2;;Culex quinquefasciatus;Diptera;Culicidae;Culicinae;Culicini;;;;
458;41;04/02/2025;;;;2;;Culex quinquefasciatus;Diptera;Culicidae;Culicinae;Culicini;;;;
459;41;04/02/2025;;;;2;;Culex quinquefasciatus;Diptera;Culicidae;Culicinae;Culicini;;;;
460;41;05/02/2025;;;;2;;Aedes albopictus;Diptera;Culicidae;Culicinae;Aedini;;;;
461;41;05/02/2025;;;;3;;Aedes scapularis;Diptera;Culicidae;Culicinae;Aedini;;;;
462;41;05/02/2025;;;;3;;Culex nigripalpis;Diptera;Culicidae;Culicinae;Culicini;;;;
463;41;06/02/2025;;;;4;;Aedes albopictus;Diptera;Culicidae;Culicinae;Aedini;;;;
464;41;06/02/2025;;;;4;;Aedes albopictus;Diptera;Culicidae;Culicinae;Aedini;;;;
465;41;06/02/2025;;;;4;;Aedes albopictus;Diptera;Culicidae;Culicinae;Aedini;;;;
466;41;06/02/2025;;;;4;;Oclerotatus serratus;Diptera;Culicidae;Culicinae;Aedini;;;;
467;41;03/02/2025;;;;5;;Sabethes chloropterus;Diptera;Culicidae;Culicinae;Sabethini;;;;
468;41;04/02/2025;;;;5;;Sabethes chloropterus;Diptera;Culicidae;Culicinae;Sabethini;;;;
469;41;03/02/2025;;;;5;;Sabethes chloropterus;Diptera;Culicidae;Culicinae;Sabethini;;;;
471;41;03/02/2025;;;;5;;Aedes albopictus;Diptera;Culicidae;Culicinae;Aedini;;;;
472;41;03/02/2025;;;;5;;Aedes albopictus;Diptera;Culicidae;Culicinae;Aedini;;;;
473;41;06/02/2025;;;;6;;Aedes albopictus;Diptera;Culicidae;Culicinae;Aedini;;;;
474;41;06/02/2025;;;;6;;Uranotenia calosomata;Diptera;Culicidae;Culicinae;Uranotaeniini;;;;
475;41;06/02/2025;;;;6;;Culex nigripalpis;Diptera;Culicidae;Culicinae;Culicini;;;;
476;42;27/05/2025;;;;1;;;Oclerotatus serratus;15;Diptera;Culicidae;;;;;
477;43;31/05/2025;;;;4;;;Aedes albopictus;1;;;;;;;